afisareAutomobile , Mon May 06 23:36:21 EEST 2019
afisareAutomobile , Mon May 06 23:36:22 EEST 2019
addAutomobil , Mon May 06 23:37:20 EEST 2019
afisareAutomobile , Mon May 06 23:37:25 EEST 2019
afisareAutomobile , Mon May 06 23:41:07 EEST 2019
afisareAutoutilitare , Mon May 06 23:41:08 EEST 2019
afisareCamioane , Mon May 06 23:41:09 EEST 2019
afisareUtilizatori , Mon May 06 23:41:09 EEST 2019
afisareUtilizatori , Mon May 06 23:41:10 EEST 2019
afisareCamioane , Mon May 06 23:41:11 EEST 2019
afisareUtilizatori , Mon May 06 23:41:12 EEST 2019
afisareCamioane , Mon May 06 23:41:12 EEST 2019
afisareAutoutilitare , Mon May 06 23:41:13 EEST 2019
afisareAutomobile , Mon May 06 23:41:14 EEST 2019
addUtilizator , Mon May 06 23:41:39 EEST 2019
addUtilizator , Mon May 06 23:42:04 EEST 2019
afisareUtilizatori , Mon May 06 23:42:07 EEST 2019
